title,author,publish_year
"Apparently, Sir Cameron Needs to Die",Greer Stothers,2026
The Extended Universe,Vicky Osterweil,2026
Pink Dust,Ron Padgett,2026
Writing Partners (a Bodies from the Library Book),Tony Medawar,2026
The Story of Capital,David Harvey,2026
Cold War on Five Continents,Alfred W. McCoy,2026
Differential Diagnosis,Cavar,2026
We Burned So Bright,T. J. Klune,2026
Kiki and the Can,"John Leguizamo, John ""Crash"" Matos",2026
Organizational Behavior,McGraw-Hill,2026
The Bush Tea Murder,,2026
Deadman's Pool,Kate Rhodes,2026
Star's Edge,A. K. DuBoff,2026
Last Stand,A. K. DuBoff,2026
A Parade of Horribles,Matt Dinniman,2026
Voted Most Likely to Murder,,2026
This Weekend Doesn't End Well for Anyone,Catherine Mack,2026
The Road Map,David Icke,2026
Have A Naughty New Year,S. P. Icey,2026
Learning with Tony Turtle,Lori Randolph,2026
Valentine's Day Activity Book,Lori Randolph,2026
5 Masterclass-Level Books,Gilly Maria,2026
To Catch a Fascist,Christopher Mathias,2026
Half His Age,Jennette McCurdy,2026
Desire,Samar Malik,2026
Shor say Shaoor Tak- Conscious Living Book,,2026
Ishq Ilhaam Hai- Spiritual Love Poetry Book,Aqleem Fatimah,2026
The Crossing â€“ Fiction Book About India-Pakistan Partition,Alesha Faraz,2026
A Stage Set for Villains,Shannon J. Spann,2026
The Wizard Duck,Lori Randolph,2026
My Husbands Wife,Alice Feeney,2026
Just For The Cameras,Meghan Quinn,2026
This Is an Uprising,"Mark Engler, Paul Engler",2026
How to See Like a Machine,Trevor Paglen,2026
Kids book library Jan 2026,Samiullah Shami,2026
Platform Decay,Martha Wells,2026
Trillion Precent Spoiled Journal,Lori Randolph,2026
Pink Dog's Collector's Journal,Lori Randolph,2026
The Joke Book Journal,Lori Randolph,2026
The Rolls-Royce Mansion Journal,Lori Randolph,2026
The Pranking Journal,Lori Randolph,2026
The Silly Kitty Journal,Lori Randolph,2026
The Joke Book Journal 2,Lori Randolph,2026
Always Believed in You,Summer Hunter,2026
Peanut Butter and Donner,"Erin Rosenblum, MFT",2026
The Mystery of Edwin Drood,Charles Dickens,2026
Kidnapped,Robert Louis Stevenson,2026
The Expedition of Humphry Clinker,Tobias Smollett,2026
Emma,Jane Austen,2026
Oliver Twist,Charles Dickens,2026
